sha1,relative_path
03085eb48aa337279edf0a1aed55c1c52d3e45d2,MGS\slot\113\03a157.img
0917f5b24231fe168bef30708e789bd202e968ae,MGS\slot\123\03a157.img
a08be4b149f95965fabc915097010497e30f775c,MGS\slot\127\03a157.img
d8e0020a845ceed01f123971505713ebc8b47ca6,MGS\slot\13\03a157.img
7512b5e2a214bf8c6d29cb282f7b97947b06d7d2,MGS\slot\141\03a157.img
0b0de5d4a05f6b2d3c03db6aab309e4e60127345,MGS\slot\142\03a157.img
46688b7c70a1b1891cac986d97315cf6143dbc23,MGS\slot\147\03a157.img
222c8a329e6a6d5805460fb8192016aa4f006782,MGS\slot\148\03a157.img
5389da2c30305e6b7b6e595620efe394a94ed98f,MGS\slot\171\03a157.img
563fcfd92acf3a5b4d1aba8ce3a670e62bdf5bd6,MGS\slot\186\03a157.img
9ac6aa825e23552aec187862d39867983b2aa346,MGS\slot\187\03a157.img
747b3356a2a496afa6fba3314278fd54702751dc,MGS\slot\190\03a157.img
c94f82712ea2ecb1c845a44d32c6ac07645f10f7,MGS\slot\191\03a157.img
1782029e24aff690518b72b03b4e87ef27b963f5,MGS\slot\197\03a157.img
1131fac61bf06e9b20759a312287b4eebf0d2047,MGS\slot\202\03a157.img
18ac4a8461e014f5b87ba4ce2f5a358fe5e48a25,MGS\slot\206\03a157.img
f2ff484e92bcfec20289ef60e42c6689bec8db16,MGS\slot\208\03a157.img
5a2053d3f059d42b03648cb74ddc4faaba6e59b7,MGS\slot\246\03a157.img
fe76dfea41079d782673bf396fce16e1e968371c,MGS\slot\254\03a157.img
afe66a08875329d44a6cdb24065bb56e78bc13cf,MGS\slot\271\03a157.img
367acb439be541dde86a27ce33483fa252e53fa5,MGS\slot\275\03a157.img
7772b4e27e592afbb2373db5c40d5f77ba27e0d3,MGS\slot\27\03a157.img
e38d69e1f1bba3e514b0a402a2a2e7055ca568cb,MGS\slot\293\03a157.img
88c6b149aaa7fae3382e1bd8952e76f8eb3f992a,MGS\slot\304\03a157.img
15643b48880abbf058fad6933d46d219fd2f58a9,MGS\slot\306\03a157.img
66d6748c264270805802633295127a08a946db0f,MGS\slot\30\03a157.img
e34cdb6f612d612e164067a2ddba43fda4f11a25,MGS\slot\317\03a157.img
8f373e2b5a21a433b05c6fc2bfabad656ed9aa40,MGS\slot\31\03a157.img
66315701d7ed1281fb0990405539e2ddc2bffbd8,MGS\slot\327\03a157.img
90d7f852114adf3303e9a0af1be87a6ce78570ef,MGS\slot\332\03a157.img
5eaf569cefe9ba5c99ea300222cf413ef47c6dbc,MGS\slot\338\03a157.img
493d6731fd02e0e7fa93c775cd86fea6b8dea156,MGS\slot\33\03a157.img
7777c4262085f18e7b806a0af25e8260b3fad0df,MGS\slot\382\078701.img
6dcb7ee9594f768273237e5609ea69552167d51b,MGS\slot\382\0bac79.img
4983ab81344d32dc1493cac78f91e45026c8fca6,MGS\slot\382\0ecbfd.img
1960242c75299d6b91fac98228ee0d8143d7cd22,MGS\slot\382\104da1.img
7ac6ebcec205b0126cab68b053e0dd73688302af,MGS\slot\382\1ba28f.img
e6308f5014287ebb655554d85d632128e0b5ec84,MGS\slot\382\4733d7.img
09acc63a9e8d82a644cdc1cb59072329969041a9,MGS\slot\382\4ecb45.img
8d147f699b3435a36e8c2e82b3fab89256015ed7,MGS\slot\382\5ed1e5.img
495caf1d9c58a8916f45622f3fc3c946d10baefd,MGS\slot\382\8e5121.img
4616c13d39d8cfcd728d941710884775878fc8ad,MGS\slot\382\944f72.img
f8f9d10b4d8a818013b182e0582b7fda8312328c,MGS\slot\382\999367.img
e6888fa8ddfd33edc53bf43b1101a5d293cb8268,MGS\slot\382\9b2164.img
fcf3f145c849e26a31217fd018f1cec32e6750fa,MGS\slot\382\b74807.img
70557f8fc469d482515818407a0839a38fc4bcd6,MGS\slot\382\d31745.img
6794fc79d90625de38853350ecd02cc7556ef858,MGS\slot\382\d5cd7d.img
e9e7fdfca5c61a75a0913f4b4f488617ecb931c1,MGS\slot\382\df7f97.img
88d2fc70e656b61c08126c681107a1dd937faf2f,MGS\slot\382\e786c5.img
bbece4eaec1e3a8f47a2aa29d09fdaecfb89a7ac,MGS\slot\408\03a157.img
4ecdfdd74e0ae73d4ae3d0ee383acd4eead84fef,MGS\slot\413\03a157.img
12dd76bdd9ce2c2a46bc56dbdb8ec1d6b4a050e6,MGS\slot\424\03a157.img
2aa4fa9c2aa0ce1bdd1e5404d8cd1c5ac74a8945,MGS\slot\427\03a157.img
542fad7494845077ff4c7e7f1a275836920b14ae,MGS\slot\428\03a157.img
b7782df583014f2020c2cdf4e5f70181446f2ed9,MGS\slot\432\03a157.img
00f3d17ea550547abfbf3cf8b0b9fb4ef53afa8c,MGS\slot\442\03a157.img
e8715f411ea0f4ed90c5d7857fe42dfcb4528dc2,MGS\slot\447\03a157.img
ad19bcee5657b3bc0055f5e3d0b5431977acdbf6,MGS\slot\458\03a157.img
f493418340dbf37d89c8e053a28b787cd455144c,MGS\slot\65\03a157.img
dac2f4f9bf4b7d1d9e0831daaa1f4bc7027ef501,MGS\slot\74\03a157.img
f290d2dc25ec22cca386ddfbf4081ac5d42394b0,MGS\slot\84\03a157.img
b0a342db378695de06bf12ea838c6137c029e81c,MGS\stage\m001a\0776df.img
80f3856ee1c69205217a8595a6d2ae9694577da6,MGS\stage\m004a\0776e3.img
681c9d535e758d30f6af8e2c99f19623fe6a101e,MGS\stage\m006a\0776e7.img
4661b6d2b21bfed0378af70ad03d34c7b02775e2,MGS\stage\m022a\0776eb.img
6f46d5c7043512927d66f90c0a7e645d682c8392,MGS\stage\m053a\0776ef.img
aa249dd823c7d4bed87ffe6d44a347333395bf28,MGS\stage\m121a\0776f3.img
0d8fbfdd1234ee377b7da9526fe1c00269dcc42f,MGS\stage\m201a\0776f7.img
b0a342db378695de06bf12ea838c6137c029e81c,MGS\stage\mk_menu\0776df.img
80f3856ee1c69205217a8595a6d2ae9694577da6,MGS\stage\mk_menu\0776e3.img
681c9d535e758d30f6af8e2c99f19623fe6a101e,MGS\stage\mk_menu\0776e7.img
4661b6d2b21bfed0378af70ad03d34c7b02775e2,MGS\stage\mk_menu\0776eb.img
6f46d5c7043512927d66f90c0a7e645d682c8392,MGS\stage\mk_menu\0776ef.img
aa249dd823c7d4bed87ffe6d44a347333395bf28,MGS\stage\mk_menu\0776f3.img
0d8fbfdd1234ee377b7da9526fe1c00269dcc42f,MGS\stage\mk_menu\0776f7.img
17e89c290bf86c31c76b2a1582de3d6708aa19f2,MGS\stage\r_sna01\005011.img
42a9570b2c61bd5fa55004f8de6dd8ba2fd91d97,MGS\stage\r_sna01\0589dd.img
1d476323256dc93ac7322eda616c5c944e84ab30,MGS\stage\r_sna01\064917.img
49f4dbd8e0142e355230830848c9cfaed14eb8a7,MGS\stage\r_sna01\07080a.img
a170f8945b1d6e8304394f6ad2bf7a1e08f8e292,MGS\stage\r_sna01\0baecd.img
4616c13d39d8cfcd728d941710884775878fc8ad,MGS\stage\r_sna01\0fe799.img
ce49f90983c0f7637d95815c14a2c152bff7566f,MGS\stage\r_sna01\10eab5.img
59b4df8de7ddaf689a4635c280c3e8f3434863eb,MGS\stage\r_sna01\13def6.img
9d9234adc25be197558057cfc97b18c769443be3,MGS\stage\r_sna01\16829d.img
3fc92a88219a711bcdc4295c1159c73a1d835d32,MGS\stage\r_sna01\16ae13.img
c930bdf997faa3c6ea99960ae91919c2ee76f354,MGS\stage\r_sna01\1a9cc0.img
56afc29d44c19824e3caa96785f647d8722eb4be,MGS\stage\r_sna01\1c8f27.img
99bfd7db61a5701ed7f81fda71082620e2842bf2,MGS\stage\r_sna01\20e365.img
23ecd2d30f8ba42cb526d8b0ee876f3abc895348,MGS\stage\r_sna01\2b5ada.img
9d2f7261d990cb497be4cd288a0c97af01c07f72,MGS\stage\r_sna01\2cb85e.img
ca78b082b184a36d121af71be685c9335270f2d8,MGS\stage\r_sna01\330503.img
70596ad19ec1661d2abd28eee37e7b57c7f888ad,MGS\stage\r_sna01\35ded2.img
1e16a0651677032622583b101c563d197f9f2f50,MGS\stage\r_sna01\461c15.img
f5491c7288ee89a9d2a30aef188df293bb2a0f6e,MGS\stage\r_sna01\47de97.img
a46b65164f7085f5082b9e9417f16cf1952c6e47,MGS\stage\r_sna01\4cec39.img
3ef2787840f32f97c85ca3610a5973c11d83f51a,MGS\stage\r_sna01\4faaab.img
864a9a224441f8616aa89b4ec97781337c490132,MGS\stage\r_sna01\583c39.img
5b0ba78c03a4bcef7abd62946967d231d224d728,MGS\stage\r_sna01\5d7993.img
b5b72eaa8188b3c2c00841107e616b7ba63a038c,MGS\stage\r_sna01\5ee3c5.img
f0f43c57f95354cb02dc73dece48a123a775d820,MGS\stage\r_sna01\5f73b4.img
34d8ab44080018025f5d8ed0e1d800962872e2a5,MGS\stage\r_sna01\5fe3c5.img
85ca767e31f22ce7e919e7b1cb21954d9790b2cb,MGS\stage\r_sna01\60def0.img
291924f144e6490021ffc195eb9f77ba1f92afa5,MGS\stage\r_sna01\60e3c5.img
84baef0ae282728557d288f2f0b1b8a468680c61,MGS\stage\r_sna01\62ded9.img
8ae38f4eb2b2dc5e24f23e8f5f2042f5345db5b9,MGS\stage\r_sna01\6377aa.img
8a858df91a3b663cc1f0383efc13a3389161dab0,MGS\stage\r_sna01\65fadb.img
1c2977d94e7133017b996b4ba5e509f1f94d65bc,MGS\stage\r_sna01\76ded2.img
6a0a5906cda913303a40950775e1d64d59476f4a,MGS\stage\r_sna01\7f59aa.img
c05195c11b1339fb5e1e1016e9db5f8972819fb0,MGS\stage\r_sna01\8287b5.img
e626dd2307703510ec7952748d2feb2e1a2e0b65,MGS\stage\r_sna01\8c59bd.img
baf8a71299f949124c2d9cca64c86204c0b150ab,MGS\stage\r_sna01\8e9d03.img
055172f973330959da8e761ae5f41c27f1fbe702,MGS\stage\r_sna01\a2aa3e.img
ca8f4e1bdad9a6d125e2822fdefa6e4d183490c6,MGS\stage\r_sna01\a3a885.img
d4ff09c161f3245276113af24a0cff4757f0f7f6,MGS\stage\r_sna01\a4aedb.img
5dbe7441c1476f5dfe17395bd30232a4882eaebd,MGS\stage\r_sna01\acdea9.img
3c09def5c74a3bfa7557b72ad68658f48b694194,MGS\stage\r_sna01\bbb0ad.img
937eb64398c0184d51257924e0b181ea13f57314,MGS\stage\r_sna01\bd49ca.img
e3e7d158b1fcdced39a56288e77905d5e7a3a0aa,MGS\stage\r_sna01\bd89a1.img
2a5fc2b0060a7891e15392d7766dde7b6b9a96da,MGS\stage\r_sna01\bfa83f.img
f3ab7af1138681437e4896431449407101609529,MGS\stage\r_sna01\c0a83f.img
543853f49bd5213dca899ba6e985950e0998202f,MGS\stage\r_sna01\c0be86.img
6b66a5de32ce7573ba0c10cfa0021dc46db10205,MGS\stage\r_sna01\c1a83f.img
f3aa177ebae433bc8e34528df1e31258d2c8b857,MGS\stage\r_sna01\c2a83f.img
f865116a20f8254b566003fc9e178fcf7b2592ee,MGS\stage\r_sna01\ca1ad1.img
b0f7ef9c9e9aa307ad28845fff4c69f0158a0d73,MGS\stage\r_sna01\d2ded2.img
3b121752a3e9ac030f5bbbce6e74fd6e248ae234,MGS\stage\r_sna01\d476d8.img
f158243ea874df0adc111ed0a809196a97fe4bb2,MGS\stage\r_sna01\d5def0.img
ecbbcddb8f55f858e2de72a077e6db000fc4639b,MGS\stage\r_sna01\d6eac6.img
e3453ca4289f9d7b3207c67f8020bb8d8a1f242a,MGS\stage\r_sna01\d89049.img
909f8a58b68db81d2fddaf8a71d44e9f9842a2a9,MGS\stage\r_sna01\da3e27.img
76f896a5cbed232cf8e091885d91081579ecafcd,MGS\stage\r_sna01\e338a3.img
f99a5634a84165c0ee450aee3630c8231a62584a,MGS\stage\r_sna01\e3e4ba.img
794316b09c9807a53756265e2746b0c7978b50b3,MGS\stage\r_sna01\e69824.img
374ea18f3ad84a6fb050ff5b17afd0f957d64962,MGS\stage\r_sna01\e84efe.img
91311e4e56f006d5ef3601c882fee422398bef23,MGS\stage\r_sna01\efa8aa.img
ae8061be99e5286bf8b00a22463be11d952ba24a,MGS\stage\r_sna01\f5bdc3.img
980660de28a91160eaf57197ff30700c0c5feffd,MGS\stage\r_sna01\fa2962.img
17e89c290bf86c31c76b2a1582de3d6708aa19f2,MGS\stage\r_sna02\005011.img
42a9570b2c61bd5fa55004f8de6dd8ba2fd91d97,MGS\stage\r_sna02\0589dd.img
1d476323256dc93ac7322eda616c5c944e84ab30,MGS\stage\r_sna02\064917.img
49f4dbd8e0142e355230830848c9cfaed14eb8a7,MGS\stage\r_sna02\07080a.img
a170f8945b1d6e8304394f6ad2bf7a1e08f8e292,MGS\stage\r_sna02\0baecd.img
4616c13d39d8cfcd728d941710884775878fc8ad,MGS\stage\r_sna02\0fe799.img
ce49f90983c0f7637d95815c14a2c152bff7566f,MGS\stage\r_sna02\10eab5.img
59b4df8de7ddaf689a4635c280c3e8f3434863eb,MGS\stage\r_sna02\13def6.img
9d9234adc25be197558057cfc97b18c769443be3,MGS\stage\r_sna02\16829d.img
3fc92a88219a711bcdc4295c1159c73a1d835d32,MGS\stage\r_sna02\16ae13.img
c930bdf997faa3c6ea99960ae91919c2ee76f354,MGS\stage\r_sna02\1a9cc0.img
56afc29d44c19824e3caa96785f647d8722eb4be,MGS\stage\r_sna02\1c8f27.img
99bfd7db61a5701ed7f81fda71082620e2842bf2,MGS\stage\r_sna02\20e365.img
23ecd2d30f8ba42cb526d8b0ee876f3abc895348,MGS\stage\r_sna02\2b5ada.img
9d2f7261d990cb497be4cd288a0c97af01c07f72,MGS\stage\r_sna02\2cb85e.img
ca78b082b184a36d121af71be685c9335270f2d8,MGS\stage\r_sna02\330503.img
70596ad19ec1661d2abd28eee37e7b57c7f888ad,MGS\stage\r_sna02\35ded2.img
1e16a0651677032622583b101c563d197f9f2f50,MGS\stage\r_sna02\461c15.img
f5491c7288ee89a9d2a30aef188df293bb2a0f6e,MGS\stage\r_sna02\47de97.img
a46b65164f7085f5082b9e9417f16cf1952c6e47,MGS\stage\r_sna02\4cec39.img
3ef2787840f32f97c85ca3610a5973c11d83f51a,MGS\stage\r_sna02\4faaab.img
864a9a224441f8616aa89b4ec97781337c490132,MGS\stage\r_sna02\583c39.img
5b0ba78c03a4bcef7abd62946967d231d224d728,MGS\stage\r_sna02\5d7993.img
b5b72eaa8188b3c2c00841107e616b7ba63a038c,MGS\stage\r_sna02\5ee3c5.img
f0f43c57f95354cb02dc73dece48a123a775d820,MGS\stage\r_sna02\5f73b4.img
34d8ab44080018025f5d8ed0e1d800962872e2a5,MGS\stage\r_sna02\5fe3c5.img
85ca767e31f22ce7e919e7b1cb21954d9790b2cb,MGS\stage\r_sna02\60def0.img
291924f144e6490021ffc195eb9f77ba1f92afa5,MGS\stage\r_sna02\60e3c5.img
84baef0ae282728557d288f2f0b1b8a468680c61,MGS\stage\r_sna02\62ded9.img
8ae38f4eb2b2dc5e24f23e8f5f2042f5345db5b9,MGS\stage\r_sna02\6377aa.img
8a858df91a3b663cc1f0383efc13a3389161dab0,MGS\stage\r_sna02\65fadb.img
1c2977d94e7133017b996b4ba5e509f1f94d65bc,MGS\stage\r_sna02\76ded2.img
6a0a5906cda913303a40950775e1d64d59476f4a,MGS\stage\r_sna02\7f59aa.img
c05195c11b1339fb5e1e1016e9db5f8972819fb0,MGS\stage\r_sna02\8287b5.img
e626dd2307703510ec7952748d2feb2e1a2e0b65,MGS\stage\r_sna02\8c59bd.img
baf8a71299f949124c2d9cca64c86204c0b150ab,MGS\stage\r_sna02\8e9d03.img
055172f973330959da8e761ae5f41c27f1fbe702,MGS\stage\r_sna02\a2aa3e.img
ca8f4e1bdad9a6d125e2822fdefa6e4d183490c6,MGS\stage\r_sna02\a3a885.img
d4ff09c161f3245276113af24a0cff4757f0f7f6,MGS\stage\r_sna02\a4aedb.img
5dbe7441c1476f5dfe17395bd30232a4882eaebd,MGS\stage\r_sna02\acdea9.img
3c09def5c74a3bfa7557b72ad68658f48b694194,MGS\stage\r_sna02\bbb0ad.img
937eb64398c0184d51257924e0b181ea13f57314,MGS\stage\r_sna02\bd49ca.img
e3e7d158b1fcdced39a56288e77905d5e7a3a0aa,MGS\stage\r_sna02\bd89a1.img
2a5fc2b0060a7891e15392d7766dde7b6b9a96da,MGS\stage\r_sna02\bfa83f.img
f3ab7af1138681437e4896431449407101609529,MGS\stage\r_sna02\c0a83f.img
543853f49bd5213dca899ba6e985950e0998202f,MGS\stage\r_sna02\c0be86.img
6b66a5de32ce7573ba0c10cfa0021dc46db10205,MGS\stage\r_sna02\c1a83f.img
f3aa177ebae433bc8e34528df1e31258d2c8b857,MGS\stage\r_sna02\c2a83f.img
f865116a20f8254b566003fc9e178fcf7b2592ee,MGS\stage\r_sna02\ca1ad1.img
b0f7ef9c9e9aa307ad28845fff4c69f0158a0d73,MGS\stage\r_sna02\d2ded2.img
3b121752a3e9ac030f5bbbce6e74fd6e248ae234,MGS\stage\r_sna02\d476d8.img
f158243ea874df0adc111ed0a809196a97fe4bb2,MGS\stage\r_sna02\d5def0.img
ecbbcddb8f55f858e2de72a077e6db000fc4639b,MGS\stage\r_sna02\d6eac6.img
e3453ca4289f9d7b3207c67f8020bb8d8a1f242a,MGS\stage\r_sna02\d89049.img
909f8a58b68db81d2fddaf8a71d44e9f9842a2a9,MGS\stage\r_sna02\da3e27.img
76f896a5cbed232cf8e091885d91081579ecafcd,MGS\stage\r_sna02\e338a3.img
f99a5634a84165c0ee450aee3630c8231a62584a,MGS\stage\r_sna02\e3e4ba.img
794316b09c9807a53756265e2746b0c7978b50b3,MGS\stage\r_sna02\e69824.img
374ea18f3ad84a6fb050ff5b17afd0f957d64962,MGS\stage\r_sna02\e84efe.img
91311e4e56f006d5ef3601c882fee422398bef23,MGS\stage\r_sna02\efa8aa.img
ae8061be99e5286bf8b00a22463be11d952ba24a,MGS\stage\r_sna02\f5bdc3.img
980660de28a91160eaf57197ff30700c0c5feffd,MGS\stage\r_sna02\fa2962.img
17e89c290bf86c31c76b2a1582de3d6708aa19f2,MGS\stage\r_sna03\005011.img
42a9570b2c61bd5fa55004f8de6dd8ba2fd91d97,MGS\stage\r_sna03\0589dd.img
1d476323256dc93ac7322eda616c5c944e84ab30,MGS\stage\r_sna03\064917.img
49f4dbd8e0142e355230830848c9cfaed14eb8a7,MGS\stage\r_sna03\07080a.img
a170f8945b1d6e8304394f6ad2bf7a1e08f8e292,MGS\stage\r_sna03\0baecd.img
4616c13d39d8cfcd728d941710884775878fc8ad,MGS\stage\r_sna03\0fe799.img
ce49f90983c0f7637d95815c14a2c152bff7566f,MGS\stage\r_sna03\10eab5.img
59b4df8de7ddaf689a4635c280c3e8f3434863eb,MGS\stage\r_sna03\13def6.img
f45fad9f77eb699981d704346b40fc8fb7ff3483,MGS\stage\r_sna03\16829d.img
3fc92a88219a711bcdc4295c1159c73a1d835d32,MGS\stage\r_sna03\16ae13.img
c930bdf997faa3c6ea99960ae91919c2ee76f354,MGS\stage\r_sna03\1a9cc0.img
56afc29d44c19824e3caa96785f647d8722eb4be,MGS\stage\r_sna03\1c8f27.img
99bfd7db61a5701ed7f81fda71082620e2842bf2,MGS\stage\r_sna03\20e365.img
23ecd2d30f8ba42cb526d8b0ee876f3abc895348,MGS\stage\r_sna03\2b5ada.img
9d2f7261d990cb497be4cd288a0c97af01c07f72,MGS\stage\r_sna03\2cb85e.img
ca78b082b184a36d121af71be685c9335270f2d8,MGS\stage\r_sna03\330503.img
70596ad19ec1661d2abd28eee37e7b57c7f888ad,MGS\stage\r_sna03\35ded2.img
1e16a0651677032622583b101c563d197f9f2f50,MGS\stage\r_sna03\461c15.img
f5491c7288ee89a9d2a30aef188df293bb2a0f6e,MGS\stage\r_sna03\47de97.img
a46b65164f7085f5082b9e9417f16cf1952c6e47,MGS\stage\r_sna03\4cec39.img
3ef2787840f32f97c85ca3610a5973c11d83f51a,MGS\stage\r_sna03\4faaab.img
864a9a224441f8616aa89b4ec97781337c490132,MGS\stage\r_sna03\583c39.img
5b0ba78c03a4bcef7abd62946967d231d224d728,MGS\stage\r_sna03\5d7993.img
b5b72eaa8188b3c2c00841107e616b7ba63a038c,MGS\stage\r_sna03\5ee3c5.img
f0f43c57f95354cb02dc73dece48a123a775d820,MGS\stage\r_sna03\5f73b4.img
34d8ab44080018025f5d8ed0e1d800962872e2a5,MGS\stage\r_sna03\5fe3c5.img
85ca767e31f22ce7e919e7b1cb21954d9790b2cb,MGS\stage\r_sna03\60def0.img
291924f144e6490021ffc195eb9f77ba1f92afa5,MGS\stage\r_sna03\60e3c5.img
84baef0ae282728557d288f2f0b1b8a468680c61,MGS\stage\r_sna03\62ded9.img
8ae38f4eb2b2dc5e24f23e8f5f2042f5345db5b9,MGS\stage\r_sna03\6377aa.img
8a858df91a3b663cc1f0383efc13a3389161dab0,MGS\stage\r_sna03\65fadb.img
1c2977d94e7133017b996b4ba5e509f1f94d65bc,MGS\stage\r_sna03\76ded2.img
6a0a5906cda913303a40950775e1d64d59476f4a,MGS\stage\r_sna03\7f59aa.img
c05195c11b1339fb5e1e1016e9db5f8972819fb0,MGS\stage\r_sna03\8287b5.img
e626dd2307703510ec7952748d2feb2e1a2e0b65,MGS\stage\r_sna03\8c59bd.img
baf8a71299f949124c2d9cca64c86204c0b150ab,MGS\stage\r_sna03\8e9d03.img
055172f973330959da8e761ae5f41c27f1fbe702,MGS\stage\r_sna03\a2aa3e.img
ca8f4e1bdad9a6d125e2822fdefa6e4d183490c6,MGS\stage\r_sna03\a3a885.img
d4ff09c161f3245276113af24a0cff4757f0f7f6,MGS\stage\r_sna03\a4aedb.img
5dbe7441c1476f5dfe17395bd30232a4882eaebd,MGS\stage\r_sna03\acdea9.img
3c09def5c74a3bfa7557b72ad68658f48b694194,MGS\stage\r_sna03\bbb0ad.img
937eb64398c0184d51257924e0b181ea13f57314,MGS\stage\r_sna03\bd49ca.img
e3e7d158b1fcdced39a56288e77905d5e7a3a0aa,MGS\stage\r_sna03\bd89a1.img
2a5fc2b0060a7891e15392d7766dde7b6b9a96da,MGS\stage\r_sna03\bfa83f.img
f3ab7af1138681437e4896431449407101609529,MGS\stage\r_sna03\c0a83f.img
543853f49bd5213dca899ba6e985950e0998202f,MGS\stage\r_sna03\c0be86.img
6b66a5de32ce7573ba0c10cfa0021dc46db10205,MGS\stage\r_sna03\c1a83f.img
f3aa177ebae433bc8e34528df1e31258d2c8b857,MGS\stage\r_sna03\c2a83f.img
f865116a20f8254b566003fc9e178fcf7b2592ee,MGS\stage\r_sna03\ca1ad1.img
b0f7ef9c9e9aa307ad28845fff4c69f0158a0d73,MGS\stage\r_sna03\d2ded2.img
3b121752a3e9ac030f5bbbce6e74fd6e248ae234,MGS\stage\r_sna03\d476d8.img
f158243ea874df0adc111ed0a809196a97fe4bb2,MGS\stage\r_sna03\d5def0.img
ecbbcddb8f55f858e2de72a077e6db000fc4639b,MGS\stage\r_sna03\d6eac6.img
e3453ca4289f9d7b3207c67f8020bb8d8a1f242a,MGS\stage\r_sna03\d89049.img
909f8a58b68db81d2fddaf8a71d44e9f9842a2a9,MGS\stage\r_sna03\da3e27.img
76f896a5cbed232cf8e091885d91081579ecafcd,MGS\stage\r_sna03\e338a3.img
f99a5634a84165c0ee450aee3630c8231a62584a,MGS\stage\r_sna03\e3e4ba.img
794316b09c9807a53756265e2746b0c7978b50b3,MGS\stage\r_sna03\e69824.img
374ea18f3ad84a6fb050ff5b17afd0f957d64962,MGS\stage\r_sna03\e84efe.img
91311e4e56f006d5ef3601c882fee422398bef23,MGS\stage\r_sna03\efa8aa.img
ae8061be99e5286bf8b00a22463be11d952ba24a,MGS\stage\r_sna03\f5bdc3.img
980660de28a91160eaf57197ff30700c0c5feffd,MGS\stage\r_sna03\fa2962.img
b5bd192b721ad32ed642856f1a56a1a4da3dc23b,MGS\stage\s001a\336be9.img
21e45a6ad2d2ca2c782cc7a5ddcc18f5f9eb058f,MGS\stage\s001a\336ce9.img
17375709c6c20b73a1cc09185acfa890bcf7df47,MGS\stage\s002a\336c69.img
76e6057de897712da177c0be2b8e7e04db41656b,MGS\stage\s002a\336d69.img
b5bd192b721ad32ed642856f1a56a1a4da3dc23b,MGS\stage\s003a\336be9.img
21e45a6ad2d2ca2c782cc7a5ddcc18f5f9eb058f,MGS\stage\s003a\336ce9.img
76e6057de897712da177c0be2b8e7e04db41656b,MGS\stage\s003a\336d69.img
17375709c6c20b73a1cc09185acfa890bcf7df47,MGS\stage\s004a\336c69.img
21e45a6ad2d2ca2c782cc7a5ddcc18f5f9eb058f,MGS\stage\s004a\336ce9.img
76e6057de897712da177c0be2b8e7e04db41656b,MGS\stage\s004a\336d69.img
d08b8b10087c3f16e89717d4ee0ad8ccc75b683c,MGS\stage\s004a\336de9.img
76e6057de897712da177c0be2b8e7e04db41656b,MGS\stage\s005a\336d69.img
d08b8b10087c3f16e89717d4ee0ad8ccc75b683c,MGS\stage\s005a\336de9.img
c7293c9f46ff3a8d1aa35f043d3caed562b983a2,MGS\stage\s005a\336e69.img
d08b8b10087c3f16e89717d4ee0ad8ccc75b683c,MGS\stage\s006a\336de9.img
c7293c9f46ff3a8d1aa35f043d3caed562b983a2,MGS\stage\s006a\336e69.img
030814734d5842f73afffb778d95ddea6cb96746,MGS\stage\s006a\337c69.img
d08b8b10087c3f16e89717d4ee0ad8ccc75b683c,MGS\stage\s006b\336de9.img
c7293c9f46ff3a8d1aa35f043d3caed562b983a2,MGS\stage\s006b\336e69.img
030814734d5842f73afffb778d95ddea6cb96746,MGS\stage\s006b\337c69.img
d08b8b10087c3f16e89717d4ee0ad8ccc75b683c,MGS\stage\s006b_d\336de9.img
c7293c9f46ff3a8d1aa35f043d3caed562b983a2,MGS\stage\s006b_d\336e69.img
030814734d5842f73afffb778d95ddea6cb96746,MGS\stage\s006b_d\337c69.img
c7293c9f46ff3a8d1aa35f043d3caed562b983a2,MGS\stage\s012a\336e69.img
030814734d5842f73afffb778d95ddea6cb96746,MGS\stage\s012a\337c69.img
296e8f2f7b3251d49b6c5efa14fd04579a4238bb,MGS\stage\s012a\338be9.img
030814734d5842f73afffb778d95ddea6cb96746,MGS\stage\s021a\337c69.img
296e8f2f7b3251d49b6c5efa14fd04579a4238bb,MGS\stage\s021a\338be9.img
2f39a8515b322e67823b4b413dfa7815c341dde5,MGS\stage\s021a\338c69.img
296e8f2f7b3251d49b6c5efa14fd04579a4238bb,MGS\stage\s022a\338be9.img
2f39a8515b322e67823b4b413dfa7815c341dde5,MGS\stage\s022a\338c69.img
59c730a7fef77d70ff4a2a70ba6536bae5125045,MGS\stage\s022a\338ce9.img
59c730a7fef77d70ff4a2a70ba6536bae5125045,MGS\stage\s023a\338ce9.img
fc7cdf2e5117d994c8041893f4cda8c1c2f6c379,MGS\stage\s023a_0\339be9.img
fc7cdf2e5117d994c8041893f4cda8c1c2f6c379,MGS\stage\s031a\339be9.img
fe9f246876bb6144a817431b16f4c316f883b9c5,MGS\stage\s031a\339c69.img
fc7cdf2e5117d994c8041893f4cda8c1c2f6c379,MGS\stage\s032a\339be9.img
fe9f246876bb6144a817431b16f4c316f883b9c5,MGS\stage\s032a\339c69.img
5a4bf8d6445b27e4a9e87ea8dfaf6acfed235777,MGS\stage\s032a\339ce9.img
fe9f246876bb6144a817431b16f4c316f883b9c5,MGS\stage\s032b\339c69.img
fe9f246876bb6144a817431b16f4c316f883b9c5,MGS\stage\s033a\339c69.img
5a4bf8d6445b27e4a9e87ea8dfaf6acfed235777,MGS\stage\s033a\339ce9.img
3ed0214d2c15fbbded34fd78ae96ad44d2b06e9c,MGS\stage\s033a\33abe9.img
5a4bf8d6445b27e4a9e87ea8dfaf6acfed235777,MGS\stage\s041a\339ce9.img
3ed0214d2c15fbbded34fd78ae96ad44d2b06e9c,MGS\stage\s041a\33abe9.img
22c6e2874387bd977e5a659fb600175e016f7bc5,MGS\stage\s041a\33ac69.img
1130c379ea185d6789544e70eb99e78016827a1e,MGS\stage\s041a\33ace9.img
3ed0214d2c15fbbded34fd78ae96ad44d2b06e9c,MGS\stage\s042a\33abe9.img
22c6e2874387bd977e5a659fb600175e016f7bc5,MGS\stage\s042a\33ac69.img
3ed0214d2c15fbbded34fd78ae96ad44d2b06e9c,MGS\stage\s043a\33abe9.img
1130c379ea185d6789544e70eb99e78016827a1e,MGS\stage\s043a\33ace9.img
4c545beb97dc510a0c0566e58a09aa38d4f0e54c,MGS\stage\s043a\33ad69.img
1130c379ea185d6789544e70eb99e78016827a1e,MGS\stage\s044a\33ace9.img
4c545beb97dc510a0c0566e58a09aa38d4f0e54c,MGS\stage\s044a\33ad69.img
57e8cf4a13116cda23361c71262f53811603736d,MGS\stage\s044a\33ade9.img
a70e8a343860b7ae40bfaef2f8fddbe0d6a88093,MGS\stage\s044a\33bbe9.img
4c545beb97dc510a0c0566e58a09aa38d4f0e54c,MGS\stage\s045a\33ad69.img
57e8cf4a13116cda23361c71262f53811603736d,MGS\stage\s045a\33ade9.img
5a634a1da00d8a12f880f8a1aafa5438b3d8961c,MGS\stage\s045a\33cbe9.img
4c545beb97dc510a0c0566e58a09aa38d4f0e54c,MGS\stage\s051a\33ad69.img
a70e8a343860b7ae40bfaef2f8fddbe0d6a88093,MGS\stage\s051a\33bbe9.img
3cdc747129ee72aca2305dfa3761e41ecd0bfc9b,MGS\stage\s051a\33bc69.img
a70e8a343860b7ae40bfaef2f8fddbe0d6a88093,MGS\stage\s051b\33bbe9.img
a70e8a343860b7ae40bfaef2f8fddbe0d6a88093,MGS\stage\s052a\33bbe9.img
3cdc747129ee72aca2305dfa3761e41ecd0bfc9b,MGS\stage\s052a\33bc69.img
89a8db1eb2bfe7d449e35b1d5a83a335bf9aead8,MGS\stage\s052a\33bc6d.img
3cdc747129ee72aca2305dfa3761e41ecd0bfc9b,MGS\stage\s052b\33bc69.img
89a8db1eb2bfe7d449e35b1d5a83a335bf9aead8,MGS\stage\s052b\33bc6d.img
6e2f777710cac002e832f10bac943e2c3572c876,MGS\stage\s052b\496f52.img
7dba79c23eb0701b3e4ec764e04359c18a2914be,MGS\stage\s052b\496f56.img
89a8db1eb2bfe7d449e35b1d5a83a335bf9aead8,MGS\stage\s053a\33bc6d.img
7ef3815b45d01382757c3396af56b7b011033d51,MGS\stage\s053a\33bde9.img
c6866acb9ee8a441693265848334eabd87311729,MGS\stage\s053a\33be69.img
6e2f777710cac002e832f10bac943e2c3572c876,MGS\stage\s053a\496f52.img
7dba79c23eb0701b3e4ec764e04359c18a2914be,MGS\stage\s053a\496f56.img
7ef3815b45d01382757c3396af56b7b011033d51,MGS\stage\s055a\33bde9.img
6e2f777710cac002e832f10bac943e2c3572c876,MGS\stage\s055a\496f52.img
c6866acb9ee8a441693265848334eabd87311729,MGS\stage\s056a\33be69.img
6e2f777710cac002e832f10bac943e2c3572c876,MGS\stage\s056a\496f52.img
57e8cf4a13116cda23361c71262f53811603736d,MGS\stage\s061a\33ade9.img
5a634a1da00d8a12f880f8a1aafa5438b3d8961c,MGS\stage\s061a\33cbe9.img
6bcd95cc0289fec481808ece64c159284afc9ef9,MGS\stage\s061a\33cc69.img
f92db8e4cf40c42c5271b95e3fc6dcd4584e432a,MGS\stage\s061a\33cce9.img
5a634a1da00d8a12f880f8a1aafa5438b3d8961c,MGS\stage\s062a\33cbe9.img
6bcd95cc0289fec481808ece64c159284afc9ef9,MGS\stage\s062a\33cc69.img
5a634a1da00d8a12f880f8a1aafa5438b3d8961c,MGS\stage\s063a\33cbe9.img
f92db8e4cf40c42c5271b95e3fc6dcd4584e432a,MGS\stage\s063a\33cce9.img
ee70aca4e7ddd10793f91c18c50206151e8938e7,MGS\stage\s063a\33cd69.img
124bc40fb3e9701e345abe1d21ff0e2154bad230,MGS\stage\s063a\33cde9.img
5a634a1da00d8a12f880f8a1aafa5438b3d8961c,MGS\stage\s063b\33cbe9.img
f92db8e4cf40c42c5271b95e3fc6dcd4584e432a,MGS\stage\s063b\33cce9.img
ee70aca4e7ddd10793f91c18c50206151e8938e7,MGS\stage\s063b\33cd69.img
124bc40fb3e9701e345abe1d21ff0e2154bad230,MGS\stage\s063b\33cde9.img
f92db8e4cf40c42c5271b95e3fc6dcd4584e432a,MGS\stage\s064a\33cce9.img
ee70aca4e7ddd10793f91c18c50206151e8938e7,MGS\stage\s064a\33cd69.img
124bc40fb3e9701e345abe1d21ff0e2154bad230,MGS\stage\s064a\33cde9.img
f92db8e4cf40c42c5271b95e3fc6dcd4584e432a,MGS\stage\s064b\33cce9.img
ee70aca4e7ddd10793f91c18c50206151e8938e7,MGS\stage\s064b\33cd69.img
124bc40fb3e9701e345abe1d21ff0e2154bad230,MGS\stage\s064b\33cde9.img
f92db8e4cf40c42c5271b95e3fc6dcd4584e432a,MGS\stage\s065a\33cce9.img
ee70aca4e7ddd10793f91c18c50206151e8938e7,MGS\stage\s065a\33cd69.img
124bc40fb3e9701e345abe1d21ff0e2154bad230,MGS\stage\s065a\33cde9.img
08c36dc22b4253cd1e5917d8ab180eb2d57b173e,MGS\stage\s065a\33ce69.img
f92db8e4cf40c42c5271b95e3fc6dcd4584e432a,MGS\stage\s065b\33cce9.img
ee70aca4e7ddd10793f91c18c50206151e8938e7,MGS\stage\s065b\33cd69.img
124bc40fb3e9701e345abe1d21ff0e2154bad230,MGS\stage\s065b\33cde9.img
08c36dc22b4253cd1e5917d8ab180eb2d57b173e,MGS\stage\s065b\33ce69.img
124bc40fb3e9701e345abe1d21ff0e2154bad230,MGS\stage\s066a\33cde9.img
08c36dc22b4253cd1e5917d8ab180eb2d57b173e,MGS\stage\s066a\33ce69.img
dc3ce45cc3c5cf4274cdb8504a23be3d05ce3d4a,MGS\stage\s066a\33dbe9.img
08c36dc22b4253cd1e5917d8ab180eb2d57b173e,MGS\stage\s071a\33ce69.img
dc3ce45cc3c5cf4274cdb8504a23be3d05ce3d4a,MGS\stage\s071a\33dbe9.img
8e884fb3539ee16b27379396f512d1334d121209,MGS\stage\s071a\33dc69.img
dc3ce45cc3c5cf4274cdb8504a23be3d05ce3d4a,MGS\stage\s072a\33dbe9.img
8e884fb3539ee16b27379396f512d1334d121209,MGS\stage\s072a\33dc69.img
79997f599a7a0c1386b6db8ca4973f0b93caa657,MGS\stage\s072a\33dce9.img
dc3ce45cc3c5cf4274cdb8504a23be3d05ce3d4a,MGS\stage\s072b\33dbe9.img
8e884fb3539ee16b27379396f512d1334d121209,MGS\stage\s072b\33dc69.img
79997f599a7a0c1386b6db8ca4973f0b93caa657,MGS\stage\s072b\33dce9.img
8e884fb3539ee16b27379396f512d1334d121209,MGS\stage\s073a\33dc69.img
79997f599a7a0c1386b6db8ca4973f0b93caa657,MGS\stage\s073a\33dce9.img
93313abf269ed003afa626112515abbb8ebf9c85,MGS\stage\s073a\33dd69.img
fbfe7f57edee782078831d00b132fc5c679fef37,MGS\stage\s073a\33ebe9.img
8e884fb3539ee16b27379396f512d1334d121209,MGS\stage\s073b\33dc69.img
79997f599a7a0c1386b6db8ca4973f0b93caa657,MGS\stage\s073b\33dce9.img
93313abf269ed003afa626112515abbb8ebf9c85,MGS\stage\s073b\33dd69.img
fbfe7f57edee782078831d00b132fc5c679fef37,MGS\stage\s073b\33ebe9.img
79997f599a7a0c1386b6db8ca4973f0b93caa657,MGS\stage\s074a\33dce9.img
93313abf269ed003afa626112515abbb8ebf9c85,MGS\stage\s074a\33dd69.img
674e8dd6722b8dd1f42c8e48ec52f4b8c7743792,MGS\stage\s074a\33dde9.img
93313abf269ed003afa626112515abbb8ebf9c85,MGS\stage\s075a\33dd69.img
674e8dd6722b8dd1f42c8e48ec52f4b8c7743792,MGS\stage\s075a\33dde9.img
79997f599a7a0c1386b6db8ca4973f0b93caa657,MGS\stage\s081a\33dce9.img
fbfe7f57edee782078831d00b132fc5c679fef37,MGS\stage\s081a\33ebe9.img
9bd66a1cc6c873df0255f1d35797efb3535d79c5,MGS\stage\s081a\33fbe9.img
9bd66a1cc6c873df0255f1d35797efb3535d79c5,MGS\stage\s091a\33fbe9.img
92c35ca2db8bc6681183b1a19d68dc045c09a717,MGS\stage\s091a\33fc69.img
b08eb01d942b763a926425fb35a6aa3ba8d39277,MGS\stage\s091a\33fce9.img
f18bc66ba78994951ea83c86933aa5a247168352,MGS\stage\s091a\33fd69.img
9bd66a1cc6c873df0255f1d35797efb3535d79c5,MGS\stage\s091b\33fbe9.img
92c35ca2db8bc6681183b1a19d68dc045c09a717,MGS\stage\s091b\33fc69.img
b08eb01d942b763a926425fb35a6aa3ba8d39277,MGS\stage\s091b\33fce9.img
f18bc66ba78994951ea83c86933aa5a247168352,MGS\stage\s091b\33fd69.img
9bd66a1cc6c873df0255f1d35797efb3535d79c5,MGS\stage\s091c\33fbe9.img
92c35ca2db8bc6681183b1a19d68dc045c09a717,MGS\stage\s091c\33fc69.img
b08eb01d942b763a926425fb35a6aa3ba8d39277,MGS\stage\s091c\33fce9.img
f18bc66ba78994951ea83c86933aa5a247168352,MGS\stage\s091c\33fd69.img
9bd66a1cc6c873df0255f1d35797efb3535d79c5,MGS\stage\s092a\33fbe9.img
92c35ca2db8bc6681183b1a19d68dc045c09a717,MGS\stage\s092a\33fc69.img
b08eb01d942b763a926425fb35a6aa3ba8d39277,MGS\stage\s092a\33fce9.img
0344e660f278370442b914c33f7e3780761144eb,MGS\stage\s092a\357ce9.img
9bd66a1cc6c873df0255f1d35797efb3535d79c5,MGS\stage\s092b\33fbe9.img
92c35ca2db8bc6681183b1a19d68dc045c09a717,MGS\stage\s092b\33fc69.img
b08eb01d942b763a926425fb35a6aa3ba8d39277,MGS\stage\s092b\33fce9.img
0344e660f278370442b914c33f7e3780761144eb,MGS\stage\s092b\357ce9.img
9bd66a1cc6c873df0255f1d35797efb3535d79c5,MGS\stage\s092c\33fbe9.img
92c35ca2db8bc6681183b1a19d68dc045c09a717,MGS\stage\s092c\33fc69.img
b08eb01d942b763a926425fb35a6aa3ba8d39277,MGS\stage\s092c\33fce9.img
0344e660f278370442b914c33f7e3780761144eb,MGS\stage\s092c\357ce9.img
9bd66a1cc6c873df0255f1d35797efb3535d79c5,MGS\stage\s093a\33fbe9.img
92c35ca2db8bc6681183b1a19d68dc045c09a717,MGS\stage\s093a\33fc69.img
b08eb01d942b763a926425fb35a6aa3ba8d39277,MGS\stage\s093a\33fce9.img
f18bc66ba78994951ea83c86933aa5a247168352,MGS\stage\s093a\33fd69.img
ed0cfef79edc9c2be992e5a804cd8a4dd39c1e46,MGS\stage\s093a\356be9.img
9bd66a1cc6c873df0255f1d35797efb3535d79c5,MGS\stage\s093b\33fbe9.img
92c35ca2db8bc6681183b1a19d68dc045c09a717,MGS\stage\s093b\33fc69.img
b08eb01d942b763a926425fb35a6aa3ba8d39277,MGS\stage\s093b\33fce9.img
f18bc66ba78994951ea83c86933aa5a247168352,MGS\stage\s093b\33fd69.img
ed0cfef79edc9c2be992e5a804cd8a4dd39c1e46,MGS\stage\s093b\356be9.img
9bd66a1cc6c873df0255f1d35797efb3535d79c5,MGS\stage\s093c\33fbe9.img
92c35ca2db8bc6681183b1a19d68dc045c09a717,MGS\stage\s093c\33fc69.img
b08eb01d942b763a926425fb35a6aa3ba8d39277,MGS\stage\s093c\33fce9.img
f18bc66ba78994951ea83c86933aa5a247168352,MGS\stage\s093c\33fd69.img
ed0cfef79edc9c2be992e5a804cd8a4dd39c1e46,MGS\stage\s093c\356be9.img
9bd66a1cc6c873df0255f1d35797efb3535d79c5,MGS\stage\s094a\33fbe9.img
b08eb01d942b763a926425fb35a6aa3ba8d39277,MGS\stage\s094a\33fce9.img
f18bc66ba78994951ea83c86933aa5a247168352,MGS\stage\s094a\33fd69.img
b4b7ad2ddb02a13ef76f9f08934528f89a85fd9a,MGS\stage\s094a\357c69.img
9bd66a1cc6c873df0255f1d35797efb3535d79c5,MGS\stage\s094b\33fbe9.img
b08eb01d942b763a926425fb35a6aa3ba8d39277,MGS\stage\s094b\33fce9.img
f18bc66ba78994951ea83c86933aa5a247168352,MGS\stage\s094b\33fd69.img
b4b7ad2ddb02a13ef76f9f08934528f89a85fd9a,MGS\stage\s094b\357c69.img
9bd66a1cc6c873df0255f1d35797efb3535d79c5,MGS\stage\s094c\33fbe9.img
b08eb01d942b763a926425fb35a6aa3ba8d39277,MGS\stage\s094c\33fce9.img
f18bc66ba78994951ea83c86933aa5a247168352,MGS\stage\s094c\33fd69.img
b4b7ad2ddb02a13ef76f9f08934528f89a85fd9a,MGS\stage\s094c\357c69.img
b08eb01d942b763a926425fb35a6aa3ba8d39277,MGS\stage\s101a\33fce9.img
ed0cfef79edc9c2be992e5a804cd8a4dd39c1e46,MGS\stage\s101a\356be9.img
6b927bba7977fa3c6b2fabb0ac91cf617470a111,MGS\stage\s101a\358be9.img
b08eb01d942b763a926425fb35a6aa3ba8d39277,MGS\stage\s101b\33fce9.img
ed0cfef79edc9c2be992e5a804cd8a4dd39c1e46,MGS\stage\s101b\356be9.img
6b927bba7977fa3c6b2fabb0ac91cf617470a111,MGS\stage\s101b\358be9.img
5da52fb559a94e09fcf862408505fed2126003f3,MGS\stage\s111a\357be9.img
6b927bba7977fa3c6b2fabb0ac91cf617470a111,MGS\stage\s111a\358be9.img
f18bc66ba78994951ea83c86933aa5a247168352,MGS\stage\s112a\33fd69.img
b4b7ad2ddb02a13ef76f9f08934528f89a85fd9a,MGS\stage\s112a\357c69.img
0344e660f278370442b914c33f7e3780761144eb,MGS\stage\s113a\357ce9.img
ed0cfef79edc9c2be992e5a804cd8a4dd39c1e46,MGS\stage\s121a\356be9.img
5da52fb559a94e09fcf862408505fed2126003f3,MGS\stage\s121a\357be9.img
6b927bba7977fa3c6b2fabb0ac91cf617470a111,MGS\stage\s121a\358be9.img
c49c5c5d1e8ef9e9e6713ec97028f06ccbe29457,MGS\stage\s122a\358c69.img
c186f397183f5f60b333bbccd98e7acc8a0f6363,MGS\stage\s151a\35bbe9.img
c3711a485efeeeb80f185b98db9eb7568e7310bf,MGS\stage\s151a\35bc69.img
92c35ca2db8bc6681183b1a19d68dc045c09a717,MGS\stage\s152a\33fc69.img
c186f397183f5f60b333bbccd98e7acc8a0f6363,MGS\stage\s152a\35bbe9.img
c3711a485efeeeb80f185b98db9eb7568e7310bf,MGS\stage\s152a\35bc69.img
21b1a72104f80e1d2acbb4d4157100689f89dca0,MGS\stage\s161a\35cbe9.img
21b1a72104f80e1d2acbb4d4157100689f89dca0,MGS\stage\s161a_d\35cbe9.img
b2fafff6ddcdd605f9afd9771de102c3b8fa494f,MGS\stage\s162a\35cc69.img
58b6fa11fd329bd2024be18d14f73465937f73d2,MGS\stage\s162a\35cce9.img
58b6fa11fd329bd2024be18d14f73465937f73d2,MGS\stage\s163a\35cce9.img
58b6fa11fd329bd2024be18d14f73465937f73d2,MGS\stage\s163b\35cce9.img
1de0a24a4e27936d389f7ada2542905a871525f0,MGS\stage\s163b\35dbe9.img
1de0a24a4e27936d389f7ada2542905a871525f0,MGS\stage\s171a\35dbe9.img
1de0a24a4e27936d389f7ada2542905a871525f0,MGS\stage\s171b\35dbe9.img
ab4ffac00800986f0dcd33872d15c52f78c0cccb,MGS\stage\s181a\35ebe9.img
b108fc0f4846f315e979ee9b2c531e0437a672c2,MGS\stage\s181a\35ec69.img
b108fc0f4846f315e979ee9b2c531e0437a672c2,MGS\stage\s182a\35ec69.img
23ee3876cce7eaea38219cf3a7faf4cef4abdcb6,MGS\stage\s182a\35ece9.img
23ee3876cce7eaea38219cf3a7faf4cef4abdcb6,MGS\stage\s183a\35ece9.img
d82ca4d42fc9e12fec1a6e3ff61904605d3ca065,MGS\stage\s183a\35fbe9.img
d82ca4d42fc9e12fec1a6e3ff61904605d3ca065,MGS\stage\s191a\35fbe9.img
56100157b9bbe6bb500323dd441b95ec167e4416,MGS\stage\s191a\35fc69.img
d82ca4d42fc9e12fec1a6e3ff61904605d3ca065,MGS\stage\s191b\35fbe9.img
56100157b9bbe6bb500323dd441b95ec167e4416,MGS\stage\s191b\35fc69.img
56100157b9bbe6bb500323dd441b95ec167e4416,MGS\stage\s192a\35fc69.img
dc2574626ea0323161520cc5cc4694bbfca2e9e2,MGS\stage\s192a\376be9.img
dc2574626ea0323161520cc5cc4694bbfca2e9e2,MGS\stage\s201a\376be9.img
9f112f1b37d8c48ae41260ccf41a5c262cc7f4c6,MGS\stage\s211a\377be9.img
fc7cdf2e5117d994c8041893f4cda8c1c2f6c379,MGS\stage\s211a_0\339be9.img
b5bd192b721ad32ed642856f1a56a1a4da3dc23b,MGS\stage\v001a\336be9.img
21e45a6ad2d2ca2c782cc7a5ddcc18f5f9eb058f,MGS\stage\v001a\336ce9.img
b5bd192b721ad32ed642856f1a56a1a4da3dc23b,MGS\stage\v003a\336be9.img
21e45a6ad2d2ca2c782cc7a5ddcc18f5f9eb058f,MGS\stage\v003a\336ce9.img
76e6057de897712da177c0be2b8e7e04db41656b,MGS\stage\v003a\336d69.img
21e45a6ad2d2ca2c782cc7a5ddcc18f5f9eb058f,MGS\stage\v004a\336ce9.img
76e6057de897712da177c0be2b8e7e04db41656b,MGS\stage\v004a\336d69.img
d08b8b10087c3f16e89717d4ee0ad8ccc75b683c,MGS\stage\v004a\336de9.img
76e6057de897712da177c0be2b8e7e04db41656b,MGS\stage\v005a\336d69.img
d08b8b10087c3f16e89717d4ee0ad8ccc75b683c,MGS\stage\v005a\336de9.img
c7293c9f46ff3a8d1aa35f043d3caed562b983a2,MGS\stage\v005a\336e69.img
d08b8b10087c3f16e89717d4ee0ad8ccc75b683c,MGS\stage\v006a\336de9.img
c7293c9f46ff3a8d1aa35f043d3caed562b983a2,MGS\stage\v006a\336e69.img
d08b8b10087c3f16e89717d4ee0ad8ccc75b683c,MGS\stage\v006b\336de9.img
c7293c9f46ff3a8d1aa35f043d3caed562b983a2,MGS\stage\v006b\336e69.img
889ac765102851bb220ab2a8691f579acee25417,MGS\stage\v007a\336ee9.img
