texture_name,sha1
00765dfa-sna_def_olive~d911c904e6c6ec906da9f684a40302be,00a4853fcb6166a05e82283d5078995dc40792c8
00765dfa-sna_def_olive~bf83de4607fa1858fee936ce855f1bf2,0542e9705a97dd6457dd046de1f93e978ba6fb6c
00765dfa-sna_def_olive~3899b0451a9bf3a066c06607da896be5,0ce8a749efc1b0f1d0c46de5389c917b6d6ddc11
00765dfa-sna_def_olive~0063d2755986c53e88ca8238dcc91517,2aa7f371a16bf7b52ed0d76555c6a3a64fd92c0b
00765dfa-sna_def_olive~226720d60bf32248d4b2ff4d91332ff5,2cd36843dbb810bf5f95a19d728fd11507a5b0b0
00765dfa-sna_def_olive~e5992dad6ebeda010e8d35d02c628c98,40364d63f887308c50ded6430c21dd05e5bbd97e
00765dfa-sna_def_olive~a921b3a31002786d9ab96ce815775207,61385bded1afb9a53930c82be1e466d99dcd9061
00765dfa-sna_def_olive~fe6f8be43a9b674bd5151a36957fbfa8,65dea645417c2901faf64dc4418233a2ce1dd140
00765dfa-sna_def_olive~e13e0de15eb8f17eb8b7cdcc907a8c73,8b887d3032fcf43083787d5c0cb5891374a7b8f3
00765dfa-sna_def_olive~9d26662c63d25efb0d45047f2138adde,a49981c7f6be936dc53159ad7be5d48209cbc34f
00765dfa-sna_def_olive~11b6c529be02c7be258feb2b9c0d765b,b79fe0c342eb5af294c0a15a61cedce1d6df797f
00765dfa-sna_def_olive~aa50c1cc5d6b4a104c9f98591f5fe392,cabce7a6d97ac52ca6fc048e021e11f560972c2c
00765dfa-sna_def_olive~25834abebf04d0988daad5bf2794029f,cfe819ece9a756d2a0144f67c667d0a6b8ecd135
00765dfa-sna_def_olive~d4d384d014eaf51ba3c47999300d13b6,d100990e7158530718c40a067685a7b9fc846844
00765dfa-sna_def_olive~5b3d1598f27e95be7e3c4707df16c674,d49d9e29064471ae943a4bda6f6a9449ee660c33
00765dfa-sna_def_olive~86d6763dde8ecfc17f0757fd8e4ef306,dc1468bab89b9346a147c5da3aa589ae49de0ab4
00765dfa-sna_def_olive~595bccc37f7fd4e109580710c4e05ace,dfcaced94e9851ed633c50045911b582d6ece216
00765dfa-sna_def_olive~cd4b56738f492778c2200038dc1286dd,f5c1f05fa199f90ff98b8bc6d4d5ea689375c449
